﻿<?xml version="1.0" encoding="utf-8"?>

<list>
        <verson>
		<num>1.1.2</num>
	</verson>

<map>
<mapExtent>120.073323405542,43.344774405542,136.659281405542,53.162094405542</mapExtent>
<layerurl></layerurl>
<url>file:///mnt/sdcard/mapuni/map/HeiLongJiang/Layers</url>
<dycurl>http://192.168.5.52/ArcGIS/rest/services/HN3_dyc/MapServer</dycurl>
<layertype>tiled</layertype>
<typename>map</typename>
</map>

	<item>
		<isonline>1</isonline>
		<icon >dzjg</icon>
		<name >党政机关</name>
		<url></url>
		<type ></type>
		<authority></authority>
	</item>
	<item>
		<isonline>0</isonline>
		<icon >gcqy</icon>
		<name >工厂企业</name>
		<url></url>
		<type >51</type>
		<authority></authority>
	</item>
	<item>
		<isonline>0</isonline>
		<icon >xqcz</icon>
		<name >小区村庄</name>
		<url></url>
		<type >67</type>
		<authority></authority>
	</item>
	<item>
		<isonline>0</isonline>
		<icon >ylws</icon>
		<name >医疗卫生</name>
		<url></url>
		<type >57</type>
		<authority></authority>
	</item>
	<item>
		<isonline>1</isonline>
		<icon >country</icon>
		<name >国控企业</name>
		<url></url>
		<type ></type>
		<authority></authority>
	</item>
	<item>
		<isonline>1</isonline>
		<icon >province</icon>
		<name >省控企业</name>
		<url></url>
		<type ></type>
		<authority></authority>
	</item>
	<item>
		<isonline>1</isonline>
		<icon >city</icon>
		<name >市控企业</name>
		<url></url>
		<type ></type>
		<authority></authority>
	</item>

	<around>
	<showdetail>0</showdetail>
	<url>http://192.168.5.52/ArcGIS/rest/services/YDZF_Dem/MapServer/6</url>
	<cname>重污染源</cname>
	<type>-1</type>
	</around>

<around>
<showdetail>1</showdetail>
<url>http://192.168.5.52/ArcGIS/rest/services/YDZF_Dem/MapServer/21</url>
<cname>教育科研</cname>
<type>56</type>
</around>

<around>
<showdetail>1</showdetail>
<url>http://192.168.5.52/ArcGIS/rest/services/YDZF_Dem/MapServer/15 </url>
<cname>村庄小区</cname>
<type>67</type>
</around>

<around>
<showdetail>1</showdetail>
<url>http://192.168.5.52/ArcGIS/rest/services/YDZF_Dem/MapServer/15 </url>
<cname>旅游景点</cname>
<type>65</type>
</around>

<around>
<showdetail>1</showdetail>
<url>http://192.168.5.52/ArcGIS/rest/services/YDZF_Dem/MapServer/15 </url>
<cname>宾馆酒店</cname>
<type>52</type>
</around>

<around>
<showdetail>1</showdetail>
<url>http://192.168.5.52/ArcGIS/rest/services/YDZF_Dem/MapServer/15 </url>
<cname>医疗卫生</cname>
<type>57</type>
</around>
 
</list>
