<?xml version="1.0" encoding="utf-8" ?><CacheInfo xsi:type='typens:CacheInfo' xmlns:xsi='http://www.w3.org/2001/XMLSchema-instance' xmlns:xs='http://www.w3.org/2001/XMLSchema' xmlns:typens='http://www.esri.com/schemas/ArcGIS/10.0'><TileCacheInfo xsi:type='typens:TileCacheInfo'><SpatialReference xsi:type='typens:GeographicCoordinateSystem'><WKT>GEOGCS[&quot;GCS_WGS_1984&quot;,DATUM[&quot;D_WGS_1984&quot;,SPHEROID[&quot;WGS_1984&quot;,6378137.0,298.257223563]],PRIMEM[&quot;Greenwich&quot;,0.0],UNIT[&quot;Degree&quot;,0.0174532925199433]]</WKT><XOrigin>-399.99999999999989</XOrigin><YOrigin>-399.99999999999989</YOrigin><XYScale>11258999068426.24</XYScale><ZOrigin>-100000</ZOrigin><ZScale>10000</ZScale><MOrigin>-100000</MOrigin><MScale>10000</MScale><XYTolerance>8.9831528411952133e-009</XYTolerance><ZTolerance>0.001</ZTolerance><MTolerance>0.001</MTolerance><HighPrecision>true</HighPrecision><LeftLongitude>-180</LeftLongitude><WKID>4326</WKID></SpatialReference><TileOrigin xsi:type='typens:PointN'><X>-400</X><Y>400</Y></TileOrigin><TileCols>512</TileCols><TileRows>512</TileRows><DPI>96</DPI><LODInfos xsi:type='typens:ArrayOfLODInfo'>
<LODInfo xsi:type='typens:LODInfo'><LevelID>0</LevelID><Scale>8000000</Scale><Resolution>0.019035688046642237</Resolution></LODInfo>
<LODInfo xsi:type='typens:LODInfo'><LevelID>1</LevelID><Scale>4000000</Scale><Resolution>0.0095178440233211186</Resolution></LODInfo>
<LODInfo xsi:type='typens:LODInfo'><LevelID>2</LevelID><Scale>2000000</Scale><Resolution>0.0047589220116605593</Resolution></LODInfo>
<LODInfo xsi:type='typens:LODInfo'><LevelID>3</LevelID><Scale>1000000</Scale><Resolution>0.0023794610058302797</Resolution></LODInfo>
</LODInfos></TileCacheInfo><TileImageInfo xsi:type='typens:TileImageInfo'><CacheTileFormat>PNG32</CacheTileFormat><CompressionQuality>0</CompressionQuality><Antialiasing>true</Antialiasing></TileImageInfo><CacheStorageInfo xsi:type='typens:CacheStorageInfo'><StorageFormat>esriMapCacheStorageModeCompact</StorageFormat><PacketSize>128</PacketSize></CacheStorageInfo></CacheInfo>